,City,Country,Date,Latitude,Longitude,Max Temperature,Humidity,Cloudiness,Wind Speed
0,Rikitea,PF,1604460919,-23.12,-134.97,72.7,81,18,18.95
1,Tabou,CI,1604460919,4.42,-7.35,78.15,88,12,8.08
2,Busselton,AU,1604460919,-33.65,115.33,72.0,35,67,7.4
3,Leh,IN,1604460919,34.17,77.58,32.63,66,68,2.44
4,Norman Wells,CA,1604460782,65.28,-126.83,-2.2,77,75,3.36
5,Al Bardīyah,LY,1604460920,31.76,25.09,65.55,81,8,15.19
6,Vaini,TO,1604460920,-21.2,-175.2,78.8,78,40,24.58
7,Miramar,US,1604460658,25.99,-80.23,75.2,53,20,17.22
8,Kaitangata,NZ,1604460921,-46.28,169.85,63.0,74,5,7.0
9,Yerbogachën,RU,1604460921,61.28,108.01,20.1,95,99,9.75
10,Bluff,NZ,1604460784,-46.6,168.33,66.99,58,5,8.01
11,George Town,MY,1604460921,5.41,100.34,82.4,78,20,2.24
12,Vardø,NO,1604460688,70.37,31.11,42.1,68,8,22.1
13,Saskylakh,RU,1604460922,71.92,114.08,-3.35,91,99,3.11
14,Kastamonu Province,TR,1604460922,41.5,33.67,40.48,83,93,3.11
15,Lüderitz,NA,1604460922,-26.65,15.16,57.52,95,8,6.82
16,Nishihara,JP,1604460922,26.18,127.76,75.2,43,75,21.92
17,Igrim,RU,1604460923,63.19,64.42,35.94,84,100,13.47
18,Lorengau,PG,1604460790,-2.02,147.27,84.67,75,91,6.17
19,Koumac,NC,1604460923,-20.57,164.28,78.93,71,100,8.19
20,Mataura,NZ,1604460778,-46.19,168.86,66.99,58,42,8.01
21,Upernavik,GL,1604460924,72.79,-56.15,18.32,96,100,13.4
22,Astorga,BR,1604460703,-23.23,-51.67,71.6,46,0,2.24
23,Boddam,GB,1604460924,57.47,-1.78,46.99,81,40,11.41
24,Longyearbyen,SJ,1604460924,78.22,15.64,30.2,74,75,18.34
25,Ushuaia,AR,1604460924,-54.8,-68.3,50.0,66,75,12.75
26,Laguna,US,1604460719,38.42,-121.42,63.0,45,1,3.36
27,Katangli,RU,1604460925,51.71,143.23,28.33,88,89,13.09
28,Faanui,PF,1604460925,-16.48,-151.75,79.61,80,100,15.93
29,Amapá,BR,1604460925,1.0,-52.0,73.83,98,99,1.07
30,Tasiilaq,GL,1604460926,65.61,-37.64,32.0,96,100,32.21
31,Sonda,EE,1604460926,59.34,26.84,44.2,94,2,8.41
32,Qaanaaq,GL,1604460926,77.48,-69.36,-1.77,79,76,1.77
33,Kapaa,US,1604460790,22.08,-159.32,80.6,83,40,11.41
34,Hilo,US,1604460926,19.73,-155.09,82.4,69,40,6.93
35,Mangai,CD,1604460927,-4.05,19.53,69.58,99,94,0.94
36,Bubaque,GW,1604460927,11.28,-15.83,83.3,76,1,12.97
37,Yaan,NG,1604460927,7.38,8.57,73.54,85,95,3.53
38,Lompoc,US,1604460927,34.64,-120.46,57.2,93,90,3.36
39,Cidreira,BR,1604460928,-30.18,-50.21,60.73,78,1,10.65
40,Mandera,KE,1604460928,3.94,41.87,79.23,72,55,8.43
41,Alvand,IR,1604460928,36.32,49.17,49.6,50,97,1.45
42,Phetchaburi,TH,1604460928,12.97,99.58,86.0,70,20,10.29
43,Denpasar,ID,1604460643,-8.65,115.22,85.5,70,7,9.84
44,Ocós,GT,1604460929,14.51,-92.19,78.8,100,20,6.06
45,Hualmay,PE,1604460929,-11.1,-77.61,61.9,84,20,6.96
46,Chapada dos Guimarães,BR,1604460871,-15.46,-55.75,82.4,42,20,4.7
47,Waddān,LY,1604460929,29.16,16.14,57.92,65,0,6.51
48,Lebu,CL,1604460785,-37.62,-73.65,53.44,82,78,3.85
49,Tuy Hoa,VN,1604460696,13.08,109.3,80.11,76,100,15.41
50,Bathsheba,BB,1604460930,13.22,-59.52,80.6,74,40,18.34
51,Ilulissat,GL,1604460931,69.22,-51.1,33.8,86,100,16.11
52,New Norfolk,AU,1604460931,-42.78,147.06,69.8,37,40,20.8
53,Nanortalik,GL,1604460931,60.14,-45.24,36.97,93,100,20.13
54,Karratha,AU,1604460931,-20.74,116.85,93.63,27,0,11.68
55,Paamiut,GL,1604460910,61.99,-49.67,33.93,88,100,24.92
56,Ulaangom,MN,1604460932,49.98,92.07,34.97,76,100,14.85
57,Burnie,AU,1604460932,-41.07,145.92,62.01,49,65,21.99
58,Tuatapere,NZ,1604460932,-46.13,167.68,66.99,58,33,8.01
59,Kruisfontein,ZA,1604460637,-34.0,24.73,66.0,93,100,5.17
60,Carnarvon,AU,1604460933,-24.87,113.63,80.6,57,0,18.34
61,Lázaro Cárdenas,MX,1604460933,17.96,-102.2,76.84,63,0,3.91
62,Atuona,PF,1604460933,-9.8,-139.03,78.37,75,39,19.89
63,Bandarbeyla,SO,1604460934,9.49,50.81,76.15,79,31,18.19
64,Acaraú,BR,1604460922,-2.89,-40.12,80.02,80,51,10.4
65,Sur,OM,1604460934,22.57,59.53,77.25,27,0,3.31
66,Ribeira Grande,PT,1604460796,38.52,-28.7,61.63,65,70,12.24
67,Birjand,IR,1604460935,32.87,59.22,41.0,32,0,6.93
68,Dikson,RU,1604460935,73.51,80.55,2.12,92,0,7.36
69,Yellowknife,CA,1604460935,62.46,-114.35,5.0,84,90,6.93
70,Punta Arenas,CL,1604460935,-53.15,-70.92,44.6,93,90,13.87
71,Bambous Virieux,MU,1604460752,-20.34,57.76,73.4,64,40,8.05
72,Vestmannaeyjar,IS,1604460880,63.44,-20.27,44.96,91,100,18.61
73,Oni,GE,1604460936,42.58,43.44,51.44,60,10,6.13
74,Australind,AU,1604460937,-33.27,115.72,72.0,35,92,7.52
75,Mahébourg,MU,1604460937,-20.41,57.7,73.4,64,40,8.05
76,Tilichiki,RU,1604460938,60.47,166.1,35.46,100,100,21.18
77,Esperance,AU,1604460938,-33.87,121.9,62.6,67,90,17.22
78,Talnakh,RU,1604460938,69.49,88.4,-9.4,83,0,2.24
79,Coari,BR,1604460938,-4.08,-63.14,75.92,85,37,2.21
80,Hermanus,ZA,1604460939,-34.42,19.23,66.0,89,81,1.01
81,Namatanai,PG,1604460939,-3.67,152.43,86.65,67,79,5.19
82,Albany,US,1604460887,42.6,-73.97,32.0,80,9,2.06
83,Rosetta,EG,1604460939,31.4,30.42,69.8,60,40,6.93
84,Yar-Sale,RU,1604460940,66.83,70.83,24.06,98,99,3.13
85,Clyde River,CA,1604460940,70.47,-68.59,6.8,77,40,19.46
86,Saldanha,ZA,1604460645,-33.01,17.94,59.0,93,46,5.82
87,Ormara,PK,1604460940,25.21,64.64,75.78,27,0,3.38
88,Bāglung,NP,1604460941,28.27,83.59,74.1,31,0,3.22
89,Lindsay,US,1604460941,36.2,-119.09,61.0,59,1,5.82
90,Seymour,US,1604460674,38.96,-85.89,48.99,64,0,1.01
91,Thompson,CA,1604460941,55.74,-97.86,23.0,100,90,2.24
92,Gunjur,GM,1604460942,13.2,-16.73,77.0,94,0,9.17
93,Mount Isa,AU,1604460942,-20.73,139.5,102.2,14,8,9.17
94,Shingū,JP,1604460844,33.73,135.98,60.8,44,20,16.11
95,Bengkulu,ID,1604460943,-3.8,102.27,83.75,67,80,5.28
96,Saint-Philippe,RE,1604460943,-21.36,55.77,73.4,46,0,6.93
97,Tezu,IN,1604460943,27.92,96.17,79.02,66,28,3.18
98,Pevek,RU,1604460943,69.7,170.31,-1.61,89,22,10.13
99,Bulnes,CL,1604460944,-36.74,-72.3,53.6,87,30,6.93
100,Lubumbashi,CD,1604460925,-11.66,27.48,62.04,88,62,3.22
101,Cherskiy,RU,1604460944,68.75,161.3,-5.8,84,0,4.59
102,Pangody,RU,1604460945,65.85,74.49,24.13,98,100,7.52
103,Newport,GB,1604460801,51.59,-3.0,36.0,91,0,6.04
104,Atar,MR,1604460945,20.52,-13.05,78.19,18,0,9.33
105,Dingle,PH,1604460946,11.0,122.67,84.29,77,100,3.38
106,Porto Walter,BR,1604460772,-8.27,-72.74,76.24,72,84,1.66
107,Narsaq,GL,1604460946,60.92,-46.05,35.6,80,100,16.11
108,Mokhotlong,LS,1604460946,-29.29,29.07,54.81,62,58,0.67
109,Vila Franca do Campo,PT,1604460946,37.72,-25.43,59.0,77,75,10.29
110,Lakes Entrance,AU,1604460947,-37.88,147.98,71.44,54,100,19.86
111,Khatanga,RU,1604460947,71.97,102.5,-0.18,93,92,6.58
112,Codrington,AU,1604460947,-38.27,141.97,57.42,73,79,15.64
113,Cape Town,ZA,1604460898,-33.93,18.42,66.99,72,0,13.87
114,Hithadhoo,MV,1604460881,-0.6,73.08,83.44,72,97,8.55
115,Vernon,CA,1604460948,50.26,-119.27,43.0,93,100,5.82
116,Port Hawkesbury,CA,1604460948,45.62,-61.35,32.0,74,90,11.41
117,Klaksvík,FO,1604460948,62.23,-6.59,44.6,65,93,16.11
118,Bonavista,CA,1604460949,48.65,-53.11,41.0,72,51,1.12
119,High Level,CA,1604460949,58.52,-117.14,15.8,92,90,10.29
120,Hong Kong,HK,1604460863,22.29,114.16,78.01,47,28,5.99
121,‘Ewa Beach,US,1604460949,21.32,-158.01,86.0,69,1,8.05
122,Port Alfred,ZA,1604460950,-33.59,26.89,68.7,87,97,7.02
123,Sioux Lookout,CA,1604460950,50.1,-91.92,28.4,100,5,3.53
124,Hasaki,JP,1604460950,35.73,140.83,64.0,36,20,12.75
125,Saint Paul Harbor,US,1604460788,57.79,-152.41,26.6,42,1,5.82
126,Tateyama,JP,1604460950,34.98,139.87,62.6,51,75,8.05
127,Carupano,VE,1604460951,10.67,-63.26,76.24,85,100,5.59
128,East London,ZA,1604460951,-33.02,27.91,69.1,90,54,8.23
129,Savannah Bight,HN,1604460951,16.45,-85.85,82.26,81,100,30.27
130,Tuktoyaktuk,CA,1604460952,69.45,-133.04,12.2,85,90,8.05
131,Avarua,CK,1604460952,-21.21,-159.78,75.2,83,100,6.93
132,Salalah,OM,1604460697,17.02,54.09,71.6,56,0,2.24
133,Ruidoso,US,1604460952,33.33,-105.67,50.0,42,1,9.17
134,Los Llanos de Aridane,ES,1604460953,28.66,-17.92,69.8,83,75,10.29
135,Port-Gentil,GA,1604460953,-0.72,8.78,79.36,82,33,9.4
136,Bulgan,MN,1604460953,48.81,103.53,31.98,77,46,2.89
137,Vila,PT,1604460954,42.03,-8.16,39.0,88,0,3.0
138,Basco,PH,1604460954,20.45,121.97,77.38,74,100,30.76
139,Sarakhs,IR,1604460954,36.54,61.16,42.8,45,0,3.42
140,Torbay,CA,1604460954,47.67,-52.73,42.01,93,90,9.17
141,Pisco,PE,1604460869,-13.7,-76.22,62.6,82,0,5.82
142,Bousso,TD,1604460955,10.48,16.71,76.12,41,67,3.78
143,Hervey Bay,AU,1604460955,-25.3,152.85,79.0,55,49,5.01
144,Tiksi,RU,1604460956,71.69,128.87,7.34,95,100,5.46
145,Port Macquarie,AU,1604460946,-31.43,152.92,78.01,49,10,1.99
146,Hobart,AU,1604460820,-42.88,147.33,69.8,37,40,20.8
147,Smithers,CA,1604460956,54.78,-127.17,39.2,93,90,4.7
148,Limbang,MY,1604460956,4.75,115.0,87.8,70,75,5.82
149,Bredasdorp,ZA,1604460798,-34.53,20.04,66.2,88,50,3.36
150,Castro,BR,1604460903,-24.79,-50.01,52.43,95,47,7.72
151,Saint George,US,1604460739,37.1,-113.58,69.8,35,1,4.7
152,Naushki,RU,1604460957,50.38,106.11,34.12,77,82,4.61
153,Vestmanna,FO,1604460958,62.16,-7.17,44.6,65,90,16.11
154,Rodrigues Alves,BR,1604460958,-7.74,-72.65,76.3,73,93,2.3
155,San Quintín,MX,1604460782,30.48,-115.95,51.01,3,92,5.99
156,Acapulco de Juárez,MX,1604460883,16.86,-99.89,80.6,88,5,4.7
157,Temirtau,KZ,1604460959,50.05,72.95,24.8,68,90,2.24
158,Karlstad,SE,1604460959,59.38,13.5,42.8,100,94,11.41
159,Mitú,CO,1604460959,1.2,-70.17,73.08,96,100,0.2
160,Riyadh,SA,1604460959,24.69,46.72,59.0,41,0,3.83
161,Jamestown,US,1604460960,42.1,-79.24,43.0,69,1,8.05
162,Geraldton,AU,1604460960,-28.77,114.6,82.4,28,31,13.87
163,Kununurra,AU,1604460919,-15.77,128.73,100.4,31,97,9.17
164,Gbarnga,LR,1604460961,7.0,-9.47,71.53,98,88,1.52
165,Severo-Kuril'sk,RU,1604460961,50.68,156.12,41.34,72,24,15.28
166,Russell,US,1604460961,32.35,-85.2,51.8,87,1,2.57
167,Port Elizabeth,ZA,1604460962,-33.92,25.57,66.2,88,75,9.17
168,Bolton,GB,1604460927,53.58,-2.43,39.99,96,0,3.24
169,Leshukonskoye,RU,1604460802,64.9,45.76,43.29,89,91,9.89
170,Bilibino,RU,1604460962,68.05,166.44,-12.6,80,0,3.47
171,Wanning,CN,1604460962,18.8,110.4,76.14,78,91,17.63
172,Darnah,LY,1604460963,32.77,22.64,68.68,72,43,17.34
173,Port Blair,IN,1604460963,11.67,92.75,84.74,71,2,9.04
174,Butaritari,KI,1604460963,3.07,172.79,81.66,72,83,16.08
175,Chokurdakh,RU,1604460963,70.63,147.92,-16.87,81,0,2.53
176,Pitimbu,BR,1604460963,-7.47,-34.81,78.8,83,40,4.7
177,Impfondo,CG,1604460964,1.64,18.07,70.2,97,37,1.32
178,San Miguel de Cozumel,MX,1604460711,20.51,-86.95,77.0,74,100,18.01
179,Comarapa,BO,1604460964,-17.9,-64.48,58.08,54,0,0.89
180,Fort Nelson,CA,1604460964,58.81,-122.7,10.4,85,90,6.93
181,Mar del Plata,AR,1604460721,-38.0,-57.56,60.01,87,40,11.41
182,Koumra,TD,1604460965,8.91,17.55,77.95,46,98,1.74
183,Waingapu,ID,1604460965,-9.66,120.26,90.9,46,13,10.51
184,Ancud,CL,1604460965,-41.87,-73.82,52.0,100,90,12.75
185,Flinders,AU,1604460691,-34.58,150.86,80.01,59,74,7.0
186,Kabardinka,RU,1604460966,44.65,37.94,51.8,81,100,17.9
187,Ponta do Sol,PT,1604460966,32.67,-17.1,62.6,72,75,19.46
188,Tual,ID,1604460966,-5.67,132.75,81.27,79,95,12.1
189,Provideniya,RU,1604460967,64.38,-173.3,17.55,88,9,3.67
190,Lemoore,US,1604460967,36.3,-119.78,64.4,71,90,4.07
191,Faya,SA,1604460967,18.39,42.45,53.6,93,1,1.43
192,Béoumi,CI,1604460967,7.67,-5.58,73.4,100,1,2.24
193,Olafsvik,IS,1604460968,64.89,-23.71,45.66,94,100,27.72
194,Portland,US,1604460735,45.52,-122.68,60.01,93,90,5.82
195,Samarai,PG,1604460968,-10.62,150.67,81.64,81,80,12.24
196,São Bento do Sul,BR,1604460969,-26.25,-49.38,48.99,94,75,2.17
197,Usta Muhammad,PK,1604460969,28.18,68.04,80.55,14,0,4.59
198,Kenai,US,1604460695,60.55,-151.26,17.6,40,1,5.41
199,Bocaiúva,BR,1604460969,-17.11,-43.81,66.2,82,75,3.42
200,Prince Rupert,CA,1604460970,54.32,-130.32,44.6,93,90,4.7
201,Våler,NO,1604460970,60.68,11.83,39.2,86,0,8.05
202,Las Margaritas,MX,1604460970,16.32,-91.98,56.86,88,98,5.79
203,Caravelas,BR,1604460970,-17.71,-39.25,68.74,84,94,1.95
204,Abbotsford,CA,1604460732,49.06,-122.25,48.99,100,90,6.93
205,Fortuna,US,1604460971,40.6,-124.16,54.0,92,23,3.51
206,Sibolga,ID,1604460971,1.74,98.78,82.76,68,100,1.34
207,Tailai,CN,1604460971,46.38,123.4,37.67,51,6,10.09
208,Segbwema,SL,1604460971,8.0,-10.95,71.82,97,8,0.58
209,Wawa,NG,1604460972,9.9,4.42,76.77,43,66,3.6
210,Praia,CV,1604460972,14.92,-23.51,73.4,83,0,3.36
211,Waipawa,NZ,1604460972,-41.41,175.52,69.8,68,67,16.11
212,Sarmanovo,RU,1604460972,55.26,52.59,23.0,100,0,8.95
213,Barrow,US,1604460973,71.29,-156.79,14.0,85,90,12.75
214,Cabo San Lucas,MX,1604460891,22.89,-109.91,77.0,83,5,2.24
215,Pasni,PK,1604460973,25.26,63.47,76.86,32,0,8.52
216,Madimba,TZ,1604460856,-10.4,40.33,71.6,94,20,6.55
217,Shahreza,IR,1604460973,32.03,51.88,48.92,41,0,1.14
218,Jatai,BR,1604460974,-17.88,-51.71,66.33,55,17,2.82
219,Shelburne,CA,1604460974,44.08,-80.2,39.0,79,3,13.13
220,Pangnirtung,CA,1604460974,66.15,-65.71,17.47,82,100,6.31
221,Keetmanshoop,NA,1604460974,-26.58,18.13,64.4,63,0,11.41
222,Tessalit,ML,1604460975,20.2,1.01,72.84,21,91,10.74
223,Cap Malheureux,MU,1604460975,-19.98,57.61,68.0,81,33,3.0
224,Chachapoyas,PE,1604460975,-6.23,-77.87,53.08,89,74,3.0
225,Alofi,NU,1604460975,-19.06,-169.92,78.8,74,75,21.92
226,Nikolskoye,RU,1604460975,59.7,30.79,46.4,87,75,6.71
227,Port Hardy,CA,1604460976,50.7,-127.42,50.0,100,90,12.75
228,Fukuechō,JP,1604460976,32.69,128.84,59.0,54,40,17.22
229,San Jerónimo,PE,1604460976,-11.95,-75.28,52.65,68,94,0.83
230,Bilma,NE,1604460976,18.69,12.92,69.04,24,0,8.41
231,Coyhaique,CL,1604460977,-45.58,-72.07,53.6,66,0,4.7
232,Puerto Ayora,EC,1604460977,-0.74,-90.35,68.0,95,80,8.01
233,Puerto Baquerizo Moreno,EC,1604460977,-0.9,-89.6,68.52,81,78,11.12
234,Latung,PH,1604460977,5.5,120.88,83.52,73,64,7.34
235,Tungor,RU,1604460977,53.38,142.96,23.59,94,99,20.49
236,Luganville,VU,1604460978,-15.53,167.17,80.89,75,97,7.43
237,Vallenar,CL,1604460978,-28.57,-70.76,53.35,82,41,1.14
238,Porto-Novo,BJ,1604460978,6.5,2.6,77.59,88,58,4.07
239,Iskateley,RU,1604460843,67.68,53.15,39.49,93,100,15.64
240,Sambava,MG,1604460979,-14.27,50.17,74.86,76,81,12.35
241,San Policarpo,PH,1604460979,12.18,125.51,82.63,78,100,8.93
242,Chegdomyn,RU,1604460979,51.12,133.02,23.18,84,7,6.4
243,Hamilton,US,1604460829,39.18,-84.53,48.99,57,1,8.05
244,Tautira,PF,1604460979,-17.73,-149.15,82.4,69,75,13.87
245,Arraial do Cabo,BR,1604460980,-22.97,-42.03,67.41,86,100,15.73
246,Ekibastuz,KZ,1604460980,51.67,75.37,29.35,91,97,14.41
247,Longfeng,CN,1604460980,46.55,125.12,35.71,56,0,12.84
248,Srednekolymsk,RU,1604460980,67.45,153.68,-4.77,86,30,9.42
249,Wiwilí,NI,1604460981,13.63,-85.83,70.97,88,100,8.84
250,Domoni,KM,1604460981,-12.26,44.53,76.98,68,3,2.42
251,Atherton,GB,1604460882,53.52,-2.49,39.99,100,20,3.36
252,Isangel,VU,1604460981,-19.55,169.27,76.73,79,100,9.08
253,Jacareacanga,BR,1604460982,-6.22,-57.75,74.17,93,88,1.81
254,Keti Bandar,PK,1604460982,24.14,67.45,81.61,47,0,13.89
255,Forsytheganj,BY,1604460804,52.63,29.73,39.9,94,14,5.73
256,Łapy,PL,1604460982,52.99,22.88,48.99,94,24,3.91
257,Airai,TL,1604460982,-8.93,125.41,82.27,35,98,6.13
258,Kattivākkam,IN,1604460983,13.22,80.32,80.6,100,75,4.7
259,Freeport,US,1604460693,40.66,-73.58,45.0,52,90,6.93
260,Quatre Cocos,MU,1604460732,-20.21,57.76,73.4,64,40,8.05
261,Cockburn Town,TC,1604460983,21.46,-71.14,81.61,77,100,16.08
262,Matara,LK,1604460984,5.95,80.54,84.96,68,9,5.48
263,Voorhout,NL,1604460921,52.22,4.48,48.0,82,23,3.0
264,Grand Gaube,MU,1604460984,-20.01,57.66,68.0,81,43,3.0
265,Monteagudo,BO,1604460984,-19.82,-63.98,64.4,38,3,2.89
266,Varhaug,NO,1604460985,58.61,5.65,41.0,99,13,15.75
267,Marsá Maţrūḩ,EG,1604460985,31.35,27.25,62.6,72,20,9.17
268,Chikwawa,MW,1604460985,-16.03,34.8,78.4,71,0,1.5
269,Khani,GE,1604460985,41.96,42.96,62.6,72,0,20.8
270,São Filipe,CV,1604460985,14.9,-24.5,77.74,73,95,5.3
271,Āsbe Teferī,ET,1604460986,9.08,40.87,59.23,50,1,0.43
272,Guozhen,CN,1604460986,34.37,107.36,62.17,37,99,2.51
273,Bud,US,1604460986,39.45,-86.18,51.01,57,1,4.7
274,Carutapera,BR,1604460987,-1.2,-46.02,76.24,93,53,3.47
275,Pudozh,RU,1604460987,61.81,36.53,45.73,85,84,9.53
276,Vostok,RU,1604460987,46.49,135.88,21.69,84,40,14.5
277,Aklavik,CA,1604460987,68.22,-135.01,5.0,84,94,4.7
278,Povenets,RU,1604460988,62.85,34.83,43.97,88,68,11.21
279,Naze,JP,1604460988,28.37,129.48,73.4,49,40,14.99
280,Júlio de Castilhos,BR,1604460988,-29.23,-53.68,60.8,77,0,11.41
281,Avera,US,1604460989,33.19,-82.53,44.6,93,1,2.71
282,Tadine,NC,1604460914,-21.55,167.88,75.67,86,100,12.08
283,Yangliuqing,CN,1604460989,39.14,117.0,55.4,32,0,6.71
284,Mudhol,IN,1604460989,16.35,75.28,79.11,39,2,11.56
285,Shetpe,KZ,1604460990,44.17,52.12,60.04,26,97,13.73
286,Walvis Bay,NA,1604460990,-22.96,14.51,57.99,100,0,5.82
287,Katsuura,JP,1604460990,35.13,140.3,64.0,41,20,4.7
288,Maracaçumé,BR,1604460990,-2.04,-45.96,75.38,92,99,0.83
289,Alnashi,RU,1604460990,56.19,52.48,33.39,91,35,5.88
290,Saint-Leu,RE,1604460991,-21.15,55.28,73.4,46,0,6.93
291,San Cristobal,VE,1604460991,7.77,-72.22,67.24,93,99,1.9
292,Chui,UY,1604460991,-33.7,-53.46,54.46,79,0,8.16
293,Husavik,IS,1604460991,66.04,-17.34,42.8,56,0,21.92
294,Mananjary,MG,1604460992,-21.22,48.33,72.79,77,87,6.93
295,Auki,SB,1604460992,-8.77,160.7,86.31,64,100,2.77
296,Kupang,ID,1604460992,-10.17,123.58,89.04,52,12,7.72
297,Nanga Eboko,CM,1604460992,4.68,12.37,69.03,96,100,1.34
298,Khilok,RU,1604460993,51.37,110.47,30.83,86,59,5.44
299,Loa Janan,ID,1604460993,-0.58,117.09,91.24,50,99,2.13
300,Biak,ID,1604460993,-0.91,122.88,83.7,66,100,3.11
301,Khorinsk,RU,1604460994,52.17,109.77,28.2,90,67,4.41
302,Zavetnoye,RU,1604460994,47.12,43.89,44.83,77,31,7.05
303,San Miguel,SV,1604460994,13.48,-88.18,73.85,83,100,4.59
304,Saint Anthony,US,1604460994,45.02,-93.22,62.6,41,1,5.82
305,Raahe,FI,1604460995,64.68,24.48,37.4,100,0,8.05
306,Teya,RU,1604460702,60.38,92.63,20.79,93,100,8.41
307,Broome,US,1604460823,42.25,-75.83,33.01,93,1,5.82
308,Wanaka,NZ,1604460995,-44.7,169.15,62.38,74,75,7.78
309,Port-Cartier,CA,1604460995,50.03,-66.87,21.2,57,0,5.82
310,Marana,US,1604460961,32.44,-111.23,75.2,31,1,4.25
311,Kushima,JP,1604460996,31.46,131.23,59.0,38,0,6.93
312,Beloha,MG,1604460799,-25.17,45.05,77.95,57,0,5.35
313,Senador Canedo,BR,1604460996,-16.71,-49.09,71.6,68,0,3.36
314,Del Rio,US,1604460996,29.36,-100.9,69.8,37,1,9.17
315,Touros,BR,1604460997,-5.2,-35.46,78.8,83,40,8.05
316,Dhārchula,IN,1604460997,29.85,80.53,66.65,26,0,3.89
317,Leningradskiy,RU,1604460997,69.38,178.42,3.94,84,18,11.01
318,Cañon City,US,1604460997,38.44,-105.24,57.2,35,1,5.82
319,Tonj,SS,1604460998,7.27,28.68,73.51,80,27,0.43
320,Grafton,US,1604460721,42.21,-71.69,30.2,58,1,1.05
321,Anadyr,RU,1604460998,64.75,177.48,8.6,78,0,6.71
322,Le Pont-de-Claix,FR,1604460998,45.12,5.71,39.99,91,97,1.01
323,Katherine,AU,1604460999,-14.47,132.27,98.6,29,93,9.17
324,Merauke,ID,1604460999,-8.47,140.33,84.74,68,100,5.32
325,Aden,YE,1604460981,12.78,45.04,80.19,68,5,11.74
326,Kumul,CN,1604461000,42.8,93.45,51.08,40,0,6.55
327,Świdnik,PL,1604461000,51.22,22.7,51.8,100,90,2.24
328,Qasigiannguit,GL,1604461000,68.82,-51.19,33.8,86,100,16.11
329,Mendota,US,1604461000,36.75,-120.38,66.0,62,1,4.79
330,Pavlodar,KZ,1604461000,52.3,76.95,30.2,80,90,8.95
331,Jutaí,BR,1604461001,-5.18,-68.9,75.78,88,99,1.72
332,Puerto Gaitán,CO,1604460711,4.31,-72.08,77.22,87,72,5.75
333,Nome,US,1604461001,64.5,-165.41,25.0,79,75,13.87
334,Visby,SE,1604461001,57.64,18.3,46.0,80,25,4.7
335,Buckeye,US,1604461001,33.37,-112.58,78.8,19,97,6.93
336,Vanavara,RU,1604461002,60.34,102.28,21.54,96,100,9.22
337,Sri Aman,MY,1604461002,1.24,111.46,84.2,79,40,1.12
338,Mayo,US,1604460832,38.89,-76.51,48.2,93,1,5.06
339,Guerrero Negro,MX,1604461002,27.98,-114.06,69.33,77,0,10.8
340,Berlevåg,NO,1604461003,70.86,29.09,40.75,70,0,18.14
341,Lugovoy,KZ,1604461003,42.95,72.76,48.61,44,1,3.29
342,Sitka,US,1604461003,57.05,-135.33,35.6,93,75,10.29
343,Iqaluit,CA,1604461003,63.75,-68.51,10.4,78,20,19.46
344,Comodoro Rivadavia,AR,1604461003,-45.87,-67.5,51.8,93,0,9.24
345,Rocha,UY,1604461004,-34.48,-54.33,49.98,91,0,4.76
346,Kondinskoye,RU,1604460968,59.65,67.41,31.21,93,100,14.29
347,Port Moresby,PG,1604461004,-9.44,147.18,87.8,66,40,17.22
348,Sinnamary,GF,1604461004,5.38,-52.95,78.87,88,88,10.36
349,Tromsø,NO,1604461004,69.65,18.96,44.6,56,75,31.09
350,Paita,PE,1604460787,-5.09,-81.11,61.95,87,9,8.01
351,Kaputa,ZM,1604461005,-8.47,29.66,71.55,73,100,2.39
352,Erzin,TR,1604461005,36.96,36.2,59.0,100,75,1.12
353,Sabá,HN,1604461005,15.47,-86.25,72.52,95,100,8.57
354,Tulagi,SB,1604461005,-9.1,160.15,89.6,66,40,8.05
355,Lagoa,PT,1604461006,39.05,-27.98,61.18,67,95,16.46
356,Alugan,PH,1604461006,12.22,125.48,82.26,79,100,8.77
357,Suntar,RU,1604461006,62.14,117.63,19.72,94,77,5.3
358,Craig,US,1604460768,40.52,-107.55,44.6,60,75,3.85
359,Margate,GB,1604460718,51.38,1.39,51.01,66,0,1.99
360,Saint-Michel-des-Saints,CA,1604461007,46.68,-73.92,21.0,92,36,2.93
361,Jalu,LY,1604461007,29.03,21.55,58.66,86,0,5.77
362,Goulburn,AU,1604461007,-34.75,149.72,72.37,60,34,16.71
363,Dunedin,NZ,1604460793,-45.87,170.5,57.99,80,4,24.0
364,Vaitape,PF,1604461008,-16.52,-151.75,80.42,79,100,15.77
365,Novobirilyussy,RU,1604461008,56.95,90.67,28.29,95,100,8.28
366,Akdağmadeni,TR,1604461009,39.66,35.88,44.83,70,100,1.28
367,Toktogul,KG,1604461009,41.87,72.94,30.0,80,0,1.59
368,Mumford,GH,1604461009,5.26,-0.76,78.66,87,6,7.56
369,Mikkeli,FI,1604461009,61.69,27.27,43.0,93,0,2.24
370,Ballina,AU,1604461010,-28.87,153.57,82.0,53,0,11.41
371,Araouane,ML,1604461010,18.9,-3.53,78.53,17,83,8.7
372,Khislavichi,RU,1604461010,54.19,32.16,44.51,84,98,6.31
373,Port Lincoln,AU,1604461010,-34.73,135.87,59.2,57,100,16.2
374,Bacolod City,PH,1604460929,10.67,122.95,85.23,70,100,6.82
375,Najrān,SA,1604461011,17.49,44.13,53.6,30,0,1.86
376,Mitsamiouli,KM,1604461011,-11.38,43.28,77.5,72,5,8.86
377,Gao,ML,1604460817,16.64,1.64,77.47,19,100,10.02
378,Chilca,PE,1604461011,-12.52,-76.74,62.6,82,0,9.17
379,Westport,US,1604461012,41.14,-73.36,42.01,55,90,5.82
380,Kerrobert,CA,1604460825,51.92,-109.13,48.2,34,90,9.17
381,Camacha,PT,1604461012,33.08,-16.33,62.6,72,40,17.22
382,Carahue,CL,1604461012,-38.7,-73.17,51.8,100,99,3.36
383,Karatau,KZ,1604461013,43.17,70.47,47.07,48,0,2.64
384,Mareeba,AU,1604460995,-17.0,145.43,90.0,35,70,16.11
385,Port Augusta,AU,1604461013,-32.5,137.77,60.8,82,90,17.22
386,Koshurnikovo,RU,1604461013,54.17,93.3,26.62,97,100,5.82
387,Blyznyuky,UA,1604461013,48.86,36.56,45.91,95,24,7.14
388,Soyo,AO,1604461014,-6.13,12.37,78.1,86,63,8.34
389,Inuvik,CA,1604460904,68.35,-133.72,5.0,84,96,4.7
390,Mehrān,IR,1604461014,33.12,46.16,53.6,40,0,6.93
391,Vao,NC,1604461015,-22.67,167.48,73.15,90,100,11.1
392,Businga,CD,1604461015,3.33,20.88,70.81,95,100,0.63
393,Manggar,ID,1604461015,-2.88,108.27,86.05,67,35,10.78
394,Kemijärvi,FI,1604461015,66.71,27.43,34.48,90,100,10.09
395,Udachny,RU,1604461016,66.42,112.4,1.4,84,75,2.24
396,Calbuco,CL,1604461016,-41.77,-73.13,51.8,87,90,11.41
397,Altamira,BR,1604461016,-3.2,-52.21,73.51,94,71,1.57
398,Alexandria,EG,1604461016,31.22,29.96,69.8,60,40,6.93
399,Awjilah,LY,1604461016,29.11,21.29,58.15,86,0,4.92
400,Souillac,MU,1604461017,-20.52,57.52,73.4,64,40,8.05
401,Novyye Burasy,RU,1604461017,52.13,46.07,43.0,73,100,5.99
402,Boa Vista,BR,1604460956,2.82,-60.67,82.4,69,20,3.36
403,Boysun,UZ,1604461018,38.21,67.2,56.68,29,0,1.1
404,Mankono,CI,1604460807,8.06,-6.19,71.69,89,18,3.15
405,Pacific Grove,US,1604460751,36.62,-121.92,57.99,87,1,6.93
406,Tiarei,PF,1604461018,-17.53,-149.33,82.4,69,75,13.87
407,Kloulklubed,PW,1604460903,7.04,134.26,87.8,70,90,5.82
408,Mansehra,PK,1604460919,34.33,73.2,68.74,22,0,1.9
409,Tabas,IR,1604461019,33.6,56.92,51.8,23,0,2.24
410,Vanimo,PG,1604460791,-2.67,141.3,85.23,77,100,10.11
411,Dakar,SN,1604461019,14.69,-17.44,71.6,94,32,11.74
412,Byron Bay,AU,1604461020,-28.65,153.62,82.0,53,0,11.41
413,Ouadda,CF,1604461020,8.08,22.4,69.12,63,57,2.64
414,St. George's,GD,1604461020,12.06,-61.75,82.4,74,20,14.99
415,Bethel,US,1604461020,41.37,-73.41,33.8,74,75,2.51
416,Skibbereen,IE,1604460785,51.55,-9.27,39.2,86,20,8.05
417,Oktyabr'skoye,RU,1604460804,43.06,44.74,37.4,100,70,4.47
418,Zonguldak,TR,1604461021,41.25,31.83,45.07,88,66,3.11
419,Jieshi,CN,1604461022,22.81,115.83,75.99,55,13,1.99
420,Lavrentiya,RU,1604460790,65.58,-171.0,15.51,85,0,9.19
421,Kieta,PG,1604461022,-6.22,155.63,84.69,73,90,6.13
422,Beringovskiy,RU,1604461023,63.05,179.32,24.96,86,89,9.44
423,Winneba,GH,1604461023,5.35,-0.62,78.8,94,0,5.82
424,Vrangel',RU,1604461023,42.73,133.08,39.61,62,0,20.58
425,Bemidji,US,1604460893,47.47,-94.88,42.01,75,1,5.82
426,Perth,AU,1604460872,-31.93,115.83,75.99,43,75,16.11
427,Norsup,VU,1604461024,-16.07,167.38,80.24,75,98,8.66
428,Qui Nhon,VN,1604460884,13.77,109.23,78.87,80,100,19.15
429,Eyl,SO,1604461024,7.98,49.82,78.35,68,95,13.04
430,Alice Springs,AU,1604460866,-23.7,133.88,98.6,6,0,6.93
431,Coahuayana Viejo,MX,1604461025,18.73,-103.68,75.31,67,0,2.98
432,Kiryat Gat,IL,1604461025,31.61,34.76,66.2,77,20,6.93
433,Chulym,RU,1604461026,55.1,80.96,29.1,93,100,12.53
434,Mossamedes,AO,1604461026,-15.2,12.15,67.6,70,0,7.78
435,Mahabalipuram,IN,1604461026,12.63,80.17,80.6,100,75,4.7
436,Kindu,CD,1604461026,-2.95,25.95,69.1,97,95,0.34
437,Kavaratti,IN,1604461026,10.57,72.64,82.44,71,0,4.43
438,Soria,ES,1604461027,41.67,-2.67,39.99,75,90,5.99
439,São Gabriel da Cachoeira,BR,1604461027,-0.13,-67.09,73.65,96,100,1.16
440,Padang,ID,1604461027,-0.95,100.35,82.04,66,100,1.66
441,Vitim,RU,1604461027,59.45,112.56,25.45,96,100,9.57
442,Talas,TR,1604461027,38.69,35.55,48.2,81,90,4.7
443,Kavieng,PG,1604461028,-2.57,150.8,85.62,70,100,4.72
444,Itarema,BR,1604461028,-2.92,-39.92,80.06,79,70,10.67
445,Ereymentau,KZ,1604461028,51.62,73.1,26.76,92,95,12.95
446,Amalāpuram,IN,1604461028,16.58,82.02,82.4,78,20,4.7
447,Kargasok,RU,1604461029,59.06,80.86,27.14,96,100,12.86
448,Poum,NC,1604461029,-20.23,164.02,77.27,78,100,7.54
449,Dengzhou,CN,1604461029,37.81,120.75,58.3,33,0,13.67
450,Goderich,CA,1604461029,43.75,-81.72,50.0,57,0,12.75
451,Natal,BR,1604461029,-5.79,-35.21,78.8,83,40,6.93
452,Rochegda,RU,1604461030,62.8,43.25,45.27,87,100,9.93
453,Yeppoon,AU,1604461030,-23.13,150.73,84.2,48,75,5.82
454,Cortez,US,1604461030,37.35,-108.59,52.0,42,1,5.82
455,Okato,NZ,1604461030,-39.2,173.88,71.01,61,86,13.0
456,Vittoria,IT,1604461031,36.95,14.53,48.2,100,5,2.24
457,Pucallpa,PE,1604461031,-8.38,-74.55,75.74,80,3,2.62
458,Tayoltita,MX,1604461031,24.08,-105.93,65.14,37,26,7.02
459,Babaeski,TR,1604461032,41.43,27.09,50.88,70,77,5.37
460,Ahaus,DE,1604460961,52.07,7.0,42.01,83,0,1.99
461,Marawi,PH,1604461032,8.0,124.29,86.0,73,66,5.01
462,Wanlaweyn,SO,1604461032,2.62,44.89,77.85,82,97,5.3
463,Ilanskiy,RU,1604461033,56.24,96.06,28.81,94,99,12.06
464,San Francisco,US,1604460858,37.77,-122.42,57.99,87,20,16.11
465,Phan Thiet,VN,1604460790,10.93,108.1,84.52,68,84,3.09
466,Bayangol,RU,1604461034,50.7,103.47,28.92,87,83,1.3
467,Sheridan,US,1604461034,44.83,-106.92,55.4,26,1,5.26
468,Srīvardhan,IN,1604461034,18.03,73.02,82.47,56,0,4.43
469,Yangi Marg`ilon,UZ,1604461034,40.43,71.72,39.2,41,0,9.17
470,Bauchi,NG,1604461034,10.5,10.0,72.03,38,69,4.45
471,Kondoa,TZ,1604461035,-4.9,35.78,64.29,79,84,8.14
472,Skagen,DK,1604461035,57.72,10.58,48.99,83,78,15.01
473,Constitución,CL,1604461035,-35.33,-72.42,54.43,69,0,12.41
474,Tweed,CA,1604461036,44.48,-77.32,36.0,74,95,4.0
475,Amga,RU,1604461036,60.9,131.96,3.83,88,84,5.3
476,Haines Junction,CA,1604461036,60.75,-137.51,-0.4,84,99,2.24
477,Takoradze,GH,1604461036,4.88,-1.76,77.86,88,58,6.22
478,Gwalior,IN,1604460853,26.22,78.18,76.44,19,0,5.53
479,Esmeraldas,BR,1604461037,-19.76,-44.31,60.8,93,75,4.7
480,Saint-Augustin,CA,1604461037,51.23,-58.65,24.76,78,28,14.07
481,Isabela,PH,1604461037,6.71,121.97,89.6,59,40,5.82
482,Shahr-e Kord,IR,1604461038,32.33,50.86,23.0,35,0,2.24
483,Kanniyākumāri,IN,1604460871,8.08,77.57,83.93,69,0,4.76
484,Gorontalo,ID,1604461038,0.54,123.06,87.6,64,36,5.95
485,Bryanka,UA,1604461039,48.51,38.67,46.53,94,66,5.53
486,Karasjok,NO,1604461039,69.47,25.51,39.2,60,2,26.4
487,Brae,GB,1604461039,60.4,-1.35,46.4,75,98,25.28
488,Lebedyn,UA,1604461039,50.59,34.48,42.84,93,0,4.61
489,Gobabis,NA,1604461039,-22.45,18.97,67.73,32,52,3.56
490,Jiaozuo,CN,1604461040,35.24,113.23,62.37,30,93,4.45
491,Urcos,PE,1604461040,-13.69,-71.62,50.88,65,86,1.16
492,Garden City,US,1604460755,42.33,-83.33,51.01,57,1,8.05
493,Neubrandenburg,DE,1604461040,53.57,13.27,44.01,80,96,1.99
494,Dharmadam,IN,1604461041,11.78,75.43,78.8,88,75,4.7
495,Conceição do Araguaia,BR,1604461041,-8.26,-49.26,73.81,94,89,3.31
496,Victor Harbor,AU,1604461041,-35.57,138.62,57.99,89,100,3.0
497,Aquidauana,BR,1604461041,-20.47,-55.79,71.29,52,0,4.25
498,Te Anau,NZ,1604461042,-45.42,167.72,65.61,66,69,6.4
499,San Juan,AR,1604461042,-31.54,-68.54,76.1,29,84,18.68
500,Urgut,UZ,1604461042,39.4,67.24,48.2,29,0,13.87
501,Terrace,CA,1604461042,54.52,-128.6,41.0,93,90,9.17
502,Kulunda,RU,1604461043,52.57,78.94,29.66,92,100,12.3
503,Zhigansk,RU,1604461043,66.77,123.37,0.32,90,23,5.57
504,Bonfim,BR,1604461043,3.08,-59.95,79.54,77,24,3.04
505,Otta,NO,1604461043,61.77,9.54,35.22,84,65,6.06
506,Mago,RU,1604461044,53.25,140.18,23.0,82,99,14.83
507,Polunochnoye,RU,1604461044,60.87,60.42,37.02,79,100,12.06
508,San Patricio,US,1604461044,28.02,-97.52,66.99,77,20,3.36
509,Pangkalanbuun,ID,1604461045,-2.68,111.62,92.55,55,63,0.83
510,Singapore,SG,1604460555,1.29,103.85,77.0,94,75,2.24
511,Nizhnyaya Tavda,RU,1604461045,57.67,66.17,29.93,93,30,10.92
512,Rāvar,IR,1604461045,31.27,56.81,65.82,22,0,1.21
513,Ginir,ET,1604461045,7.13,40.7,56.98,70,81,4.29
514,Rongcheng,CN,1604461046,30.63,117.85,64.99,53,0,4.54
515,Oriximiná,BR,1604461046,-1.77,-55.87,78.1,84,57,2.62
516,Mrągowo,PL,1604461046,53.86,21.31,37.4,100,0,1.12
517,Béboto,TD,1604461046,8.27,16.94,72.91,61,90,2.53
518,Eureka,US,1604460783,40.8,-124.16,54.0,93,40,4.7
519,Neuquén,AR,1604461047,-38.95,-68.06,69.8,40,0,3.36
520,Pehowa,IN,1604461047,29.98,76.58,74.46,19,0,2.28
521,Hanmer Springs,NZ,1604461048,-42.52,172.82,67.3,60,47,5.53
522,Ati,TD,1604461048,13.22,18.34,79.63,23,24,10.63
523,Askino,RU,1604461048,56.09,56.58,32.76,94,0,7.05
524,Wad Rāwah,SD,1604461049,15.16,33.14,76.6,48,4,9.08
525,Samaná,DO,1604461049,19.21,-69.34,78.17,80,100,7.23
526,Havøysund,NO,1604460772,71.0,24.66,41.0,65,47,18.34
527,Puerto Cabezas,NI,1604461050,14.04,-83.39,76.6,90,100,26.33
528,Okha,RU,1604461050,53.57,142.95,24.24,96,100,23.58
529,Noyabrsk,RU,1604461050,63.2,75.45,26.58,98,100,17.0
530,Ternate,ID,1604461050,0.8,127.4,83.91,72,100,6.31
531,Nyurba,RU,1604461050,63.28,118.33,14.76,94,46,3.49
532,Cupşeni,RO,1604461051,47.55,23.93,50.0,100,21,1.12
533,Morondava,MG,1604461051,-20.28,44.28,77.85,72,0,2.71
534,Dolores,AR,1604460793,-36.31,-57.68,54.37,86,27,8.95
535,Nemesnádudvar,HU,1604461051,46.34,19.05,51.3,93,25,4.74
536,Palmer,US,1604460869,42.16,-72.33,28.0,79,75,0.92
537,Safi,MA,1604461052,32.3,-9.24,64.42,86,78,8.25
538,Tommot,RU,1604461052,58.96,126.29,14.49,93,100,8.99
539,Polonnaruwa,LK,1604461052,7.93,81.0,90.55,52,2,3.04
540,Gushikawa,JP,1604461052,26.35,127.87,75.2,50,75,25.28
541,Baruun-Urt,MN,1604461053,46.68,113.28,35.29,65,0,5.35
542,Oga,IT,1604461053,46.46,10.35,42.8,93,75,3.36
543,Korla,CN,1604461053,41.76,86.15,47.05,46,51,4.25
544,Ambon City,ID,1604461053,-3.7,128.18,79.84,84,100,11.61
545,Kudahuvadhoo,MV,1604461054,2.67,72.89,83.44,67,88,4.16
546,Saint-Pierre,RE,1604461054,-21.34,55.48,73.4,46,0,6.93
547,Hofn,IS,1604460813,64.25,-15.21,43.34,63,100,6.82
548,Hambantota,LK,1604461054,6.12,81.12,84.2,83,40,1.12
549,Tiznit Province,MA,1604461055,29.58,-9.5,62.35,41,99,0.63
550,Bairiki Village,KI,1604461055,1.33,172.98,87.8,55,20,14.99
551,Linxia Chengguanzhen,CN,1604461055,35.6,103.21,46.63,51,100,2.21
552,Bonoua,CI,1604461055,5.27,-3.6,78.8,100,40,3.2
553,Kahului,US,1604461056,20.89,-156.47,84.2,66,40,17.22
554,La Concepción,PA,1604460947,8.52,-82.62,64.0,100,100,3.0
555,Kokopo,PG,1604461056,-4.35,152.26,84.18,76,94,5.61
556,Brits,ZA,1604461057,-25.63,27.78,64.4,77,92,4.7
557,Sānand,IN,1604461057,22.98,72.38,68.0,68,0,5.82
558,Aras,ES,1604461057,42.56,-2.36,45.0,86,0,5.82
559,Antequera,ES,1604461057,37.02,-4.56,61.0,87,90,5.82
560,São João da Barra,BR,1604461058,-21.64,-41.05,70.86,74,62,13.69
561,Pryazha,RU,1604461058,61.69,33.62,48.2,81,59,11.18
562,Sabzawār,IR,1604461058,36.21,57.68,51.8,34,0,9.17
563,Buala,SB,1604461058,-8.14,159.59,85.64,67,88,6.53
564,Banda Aceh,ID,1604461058,5.56,95.32,84.78,65,70,5.75
565,Abu Samrah,SY,1604461059,35.3,37.18,61.72,76,100,10.94
566,Carbondale,US,1604461059,37.73,-89.22,55.99,62,1,8.05
567,Vaasa,FI,1604461059,63.1,21.62,42.8,93,75,11.41
568,Galle,LK,1604461059,6.04,80.22,83.61,72,15,5.95
569,Kamaishi,JP,1604461060,39.27,141.88,50.0,57,40,8.05
570,Xichang,CN,1604460809,27.9,102.26,58.1,60,97,1.36
571,Lewistown,US,1604460855,40.6,-77.57,37.4,81,1,4.16
572,Champerico,GT,1604461060,14.3,-91.92,70.0,95,94,1.01
573,Necochea,AR,1604461061,-38.55,-58.74,60.01,75,83,17.0
574,Elizabeth City,US,1604461061,36.29,-76.25,46.4,75,1,1.83
575,Mufulira,ZM,1604461061,-12.55,28.24,65.26,81,82,3.74
